ArtistNumber,FirstName,LastName,Dates,ContactNumber,Category,Prefix,NextNumber
7,ALAN,SHIELDS,1944- UNITED STATES,7,,,
8,ALINE,FELDMAN,1928- UNITED STATES,8,,,
9,AMANDA,WATT,1960- IRELAND,9,,,
11,AMOS,YASKIL,1935- ISRAEL,11,,,
14,ANDREW,SPENCE,1947- UNITED STATES,14,,,
16,ANNABEL,HEWITT,1952- ENGLAND,16,,,
17,ANNE,GELA,1953- AUSTRALIA,17,,,
18,ANNE,SILBER,1954- UNITED STATES,18,,,
20,ARNOLD,IGER,UNITED STATES,20,,,
24,BENNETT,BEAN,1941- UNITED STATES,24,,,
25,,BERNING,UNITED STATES,25,,,
27,BETTY,KUBALAK,1929- UNITED STATES,27,,,
31,BILL,WEEGE,1935- UNITED STATES,378,,,
32,BO,VON HOHENLOHE,1946- UNITED STATES,32,,,
34,BRUNO,PINTO,ITALY,34,,,
36,CAROL,SUMMERS,1925- UNITED STATES,36,,,
38,CARSON,GLADSON,1940- UNITED STATES,38,,,
39,CATHERINE,KERNAN,1948- UNITED STATES,39,,,
40,CHARLES,ARNOLDI,1946- UNITED STATES,40,,,
44,CHRIS,COSTAN,1950- UNITED STATES,44,,,
45,CHRIS ,ZAMBON,1949- UNITED STATES,45,,,
47,CONNOR,EVERTS,1926- UNITED STATES,47,,,
48,CONSTANCE ,GRACE,1929- UNITED STATES,48,,,
51,CYNTHIA,WEISS,1939- UNITED STATES,51,,,
54,DAN,EMERSON,1952- UNITED STATES,54,,,
56,DANIEL,CHARD,1938- UNITED STATES,56,,,
57,DANIEL,GELAKOSKA,1945- UNITED STATES,57,,,
59,DAVID,DUNLOP,UNITED STATES,59,,,
60,DAVID,GRUBB,1948-UNITED STATES,60,,,
61,DAVID,HARE,1917-1992 UNITED STATES,61,,,
62,DAVID,KESSLER,1950- UNITED STATES,62,,,
63,DAVID,ROSS,"1935,  AUSTRALIA",63,,,
64,DEE,WHITTINGTON,,64,,,
65,DENNIS,NECHVATAL,1948- UNITED STATES,65,,,
67,DJARDI,ASHLEY,1950- AUSTRALIA,67,,,
68,DOLONA,ROBERTS,1936- UNITED STATES,68,,,
70,DON MICHAEL,SAMPSON,UNITED STATES,70,,,
71,DON,NICE,1932- UNITED STATES,71,,,
74,DORIS,GINGINGARA,1946-1999 AUSTRALIA,74,,,
77,,EBBESON,FRANCE,77,,,
78,ED,BAYNARD,1940- UNITED STATES,2619,,,
80,EILEEN,FOTI,1961- UNITED STATES,80,,,
81,ELIZABETH,PEAK,1952- UNITED STATES,81,,,
82,ELLIOT,GREEN,1960- UNITED STATES,82,,,
83,ELSIE,MANVILLE,1922- UNITED STATES,83,,,
84,EMMA,AMOS,1938- UNITED STATES,84,,,
86,ENZO,MARI,1932- ITALY,86,,,
88,EVA ,LUNDSAGER,1960-,88,,,
89,FAITH,RINGGOLD,1930- UNITED STATES,89,,,
91,FORD,CRULL,1952- UNITED STATES,91,,,
92,FORD,RUTHLING,"1933, UNITED STATES",92,,,
93,FRANCES,MYERS,1936- UNITED STATES,93,,,
94,GARY,BUKOVNIK,1947- UNITED STATES,94,,,
95,GARY,DENMARK,1953- UNITED STATES,95,,,
96,GENE,BROWN,1948- UNITED STATES,96,,,
97,GENE,DAVIS,1920-1985 UNITED STATES,97,,,
98,GIANNI,PIACENTINO,ITALY,98,,,
100,GLORIA,GARFINKEL,1929- UNITED STATES,100,,,
101,GLORIA,PETYARRE,1945- AUSTRALIA,101,,,
102,GORDON,MORTENSEN,1938- UNITED STATES,102,,,
104,GREGORY,KONDOS,1923- UNITED STATES,104,,,
105,,GRONK,1954- UNITED STATES,105,,,
107,HARRIET,SHORR,1939- UNITED STATES,107,,,
108,HARRY,FONSECA,1946- UNITED STATES,108,,,
109,HARVEY,DANIELS,1936- ENGLAND,109,,,
110,HARVEY,LITTLETON,1922- UNITED STATES,2597,,,
111,HECTOR,JANDANAY,AUSTRALIA,111,,,
112,HELEN ,FRANKENTHALER,1928- UNITED STATES,112,,,
114,HENRI,BOUTAGY,1953- SWITZERLAND,114,,,
115,HERB,JACKSON,1945- UNITED STATES,115,,,
117,HILARY,KNIGHT,,117,,,
118,HOLLIS,SIGLER,"1948-2001, UNITED STATES",118,,,
120,HUGH,KEPETS,1946- UNITED STATES,120,,,
122,IDA,KOHLMEYER,1912-1997 UNITED STATES,122,,,
123,ILYA,BOLOTOWSKY,1907-1984 RUSSIA,123,,,
124,INEZ,STORER,UNITED STATES,124,,,
126,ISABEL,FIELD,1929- UNITED STATES,126,,,
128,IVAN,CHERMAYEFF,1932- UNITED STATES,128,,,
129,JACK,BRITTEN,1921- AUSTRALIA,129,,,
130,JACKIE,BATTENFIELD,1950- UNITED STATES,130,,,
131,JACOB,LAWRENCE,1917- 2000 UNITED STATES,131,,,
134,JAMES,COIGNARD,1925- FRANCE,134,,,
136,JAMES,HUSSEY,1949- ENGLAND,136,,,
137,JAMES,RIZZI,1950- UNITED STATES,137,,,
138,JAN,RICHARDSON-BAUGHMAN,UNITED STATES,138,,,
139,JANE,GOLDMAN,1951- UNITED STATES,139,,,
140,JANE,KENT,1952- UNITED STATES,140,,,
141,JANET,FISH,1938- UNITED STATES,141,,,
145,JEAN,RICHARDSON,1940- UNITED STATES,145,,,
146,JEANETTE,SLOAN,1946- UNITED STATES,146,,,
147,JEANNE,GARANT,1939- UNITED STATES,147,,,
148,JEANNE,MULLEN,1954- GERMANY,148,,,
150,JENNIFER,BAIN,1955- UNITED STATES,150,,,
151,JENNIFER,BERRINGER,1950- UNITED STATES,151,,,
152,JIM,SUNDQUIST,1949- UNITED STATES,152,,,
153,JIMMY,PIKE,"1940-2002, AUSTRALIA",153,,,
154,JOANNE,SELTZER,1928- UNITED STATES,154,,,
155,JOE,DIGIORGIO,1931- UNITED STATES,155,,,
156,JOE,DRAEGERT,1945- UNITED STATES,156,,,
157,JOEL,SHAPIRO,1941- UNITED STATES,157,,,
159,JOHN,BELINGHERI,1949- UNITED STATES,159,,,
160,JOHN,HOYLAND,1943-ENGLAND,160,,,
161,JOHN,MAXON,1947- UNITED STATES,161,,,
162,JOHN,MOMINEE,1943- UNITED STATES,162,,,
163,JOHN,NIETO,1961- UNITED STATES,163,,,
164,JOHN,WILDE,1919- UNITED STATES,164,,,
165,JOSEPH,ESSIG,1949- UNITED STATES,165,,,
166,JOYCE,LIEBERMAN,1955-UNITED STATES,166,,,
167,JOYCE,STOLAROFF,1957- UNITED STATES,167,,,
171,JULES,OLITSKI,"1922-2007, RUSSIA",171,,,
172,JUNE,MEYERS,1944- UNITED STATES,172,,,
173,KAREN,KUNC,1952- UNITED STATES,173,,,
174,KARL AGE,RIGET,1948- DENMARK,174,,,
175,KAROU,MANSOUR,UNITED STATES,175,,,
178,KATHLEEN,CARACCIO,1947 - UNITED STATES,178,,,
179,KATJA,OXMAN,1942- GERMANY,179,,,
180,KEN,DONE,1940- AUSTRALIA,356,,,
181,TAPESTRY,KILIM,POLAND,181,,,
182,KIM,FROHSIN,1961- UNITED STATES,182,,,
183,LARRY JENS,ANDERSON,UNITED STATES,183,,,
187,LEE,NEWMAN,1957- ENGLAND,187,,,
189,LEILA KEPERT,YARBROUGH,"1932 - AUSTRALIA, U.S. CITIZEN",189,,,
190,LEONARD,LEHRER,1935- UNITED STATES,190,,,
191,LINDA,BLACKBURN,1941- UNITED STATES,191,,,
192,LINDA CARTER,HOLMAN,1949- UNITED STATES,192,,,
195,LOUISA,CHASE,1951- UNITED STATES PANAMA,195,,,
196,LUCKY,KNGWARREYE,1948- AUSTRALIA,196,,,
198,LUIGI,VERONESI,1908- ITALY,198,,,
199,LYNDA,BENGLIS,1941- UNITED STATES,199,,,
200,MADELINE,PURDIE,1948- AUSTRALIA,200,,,
201,MADIGAN,THOMAS,AUSTRALIA,201,,,
203,MARGO,HUMPHREY,1942- UNITED STATES,203,,,
205,MARION LERNER,LEVINE,1931-ENGLAND,205,,,
208,MARK,MULHERN,1951- UNITED STATES,208,,,
209,MARKO,SPALATIN,1945- YUGOSLAVIA,392,,,
210,MARTIN,WARE,1946- ENGLAND,210,,,
211,MARY JO,VATH,1956- UNITED STATES,211,,,
214,MATT,GLAVIN,1926- UNITED STATES,214,,,
218,MERVYN,STREET,1950- AUSTRALIA,218,,,
220,MICHAEL,INSETTA,1953- UNITED STATES,220,,,
221,MICHAEL,MAZUR,1935-2009 UNITED STATES,221,,,
224,MICHAEL,STEINER,1945-,224,,,
228,MIRIAM ,SCHAPIRO,1923- CANADA,228,,,
229,MOHAMMAD,KHALIL,1936- MOROCCO,229,,,
230,NANCY,HAGIN,1940- UNITED STATES,230,,,
231,NANCY,MLADENOFF,1957- UNITED STATES,231,,,
235,NONA,HERSHEY,1946- UNITED STATES,235,,,
236,NORMAN,LALIBERTE,1925- UNITED STATES,236,,,
241,PATRICK,HERON,1920-1999 ENGLAND,241,,,
245,PHIL,GALLAGHER,1951- UNITED STATES,245,,,
247,PIERRE,CLERK,1928- UNITED STATES,247,,,
249,PIERRE-ANDRE,HEURTELOU,HAITI,249,,,
250,PIOTR,GRABOWSKI,1933- POLAND,250,,,
252,QUEENIE,McKENZIE,1932- AUSTRALIA,252,,,
253,REX,KUNGUAK,CANADA,253,,,
255,RICHARD,BENAIM,1949- VENEZUELA,255,,,
256,RICHARD,BOSMAN,1944- INDIA,256,,,
259,ROBERT,COTTINGHAM,1935- UNITED STATES,259,,,
260,ROBERT,KELLY,1956- UNITED STATES,260,,,
261,ROBERT,KUSHNER,1949- UNITED STATES,2613,,,
262,ROBERT,MUELLER,1954- UNITED STATES,262,,,
263,ROBERT,NATKIN,1930- UNITED STATES,263,,,
264,ROBERT,STACKHOUSE,1942- UNITED STATES,264,,,
266,ROVER,THOMAS,1926- AUSTRALIA,266,,,
267,ROY,DE FOREST,"1930 - 2007, AMERICAN",267,,,
268,RUSSELL,CHATHAM,1941- UNITED STATES,268,,,
269,SABINA,KLEIN,1949- UNITED STATES,269,,,
271,SAM,RICHARDSON,1934- UNITED STATES,271,,,
272,SANTIAGO,MOIX,1960- SPAIN,272,,,
273,SCOTT,REEDS,UNITED STATES,273,,,
274,SCOTT,SANDELL,1953- UNITED STATES,274,,,
275,SHARON PIERCE,McCULLOUGH,UNITED STATES,275,,,
277,SHARRON,BLISS,UNITED STATES,277,,,
278,SHIRLEY,PURDIE,1948- AUSTRALIA,278,,,
279,SIEGLINDE,BATTLEY,AUSTRALIA,279,,,
280,SMADAR,LIVNE,1958- ISRAEL,280,,,
281,SOL,LEWITT,"1928- 2007, AMERICAN",281,,,
282,SONDRA,FRECKELTON,1936 - UNITED STATES,282,,,
283,STARLIE,SOKOL-HOHNE,1958- UNITED STATES,283,,,
284,STEPHEN,SHOLINSKY,1938- UNITED STATES,284,,,
285,ALIX,STEFAN,UNITED STATES,285,,,
287,SUSAN,HALL,1943- UNITED STATES,287,,,
289,TADASHI,ASOMA,1923- JAPAN,289,,,
290,TIM,MONDAY,1962- UNITED STATES,290,,,
293,TSENG-YING,PANG,1916- CHINA,293,,,
294,UGO,NESPOLO,1941- ITALY,294,,,
295,VALENTINA,DUBASKY,1951-  UNITED STATES,295,,,
297,VICTOR,SPAHN,1949- FRANCE,297,,,
299,BACHINSKY,WALTER,1939- UNITED STATES,2849,,,
300,WILLIAM,GATEWOOD,1943- UNITED STATES,300,,,
301,WILLIAM,TILLYER,1938- ENGLAND,301,,,
303,WILLY,RAMOS,1954- COLUMBIA,303,,,
1995,A.R.,PENCK,1939- GERMANY,2471,,,
1996,AGNES,STORY,1948- UNITED STATES,2472,,,
1997,AL,HELD,1928- UNITED STATES,2473,,,
1998,ALAN,TURNER,1943- UNITED STATES,2474,,,
1999,ALBERT,BITRAN,1929- TURKISH,2475,,,
2000,ALEXANDER,ARCHIPENKO,"1887-1964, UKRAINE",2476,,,
2001,ALEXANDER,MINGUET,1937- FRANCE,2090,,,
2002,ALICE,NEEL,1900-1984 UNITED STATES,-1,,,
2004,ANDREW,BALKIN,1947- UNITED STATES,2478,,,
2005,ANDREW,RUBIN,"1955, UNITED STATES",2568,,,
2006,ANDY,WARHOL,1931-1987 UNITED STATES,-1,,,
2007,ANNE,YOUKELES,1920- AUSTRIA,2481,,,
2008,ANTHONY,RICE,1948- PHILIPPINES,2482,,,
2009,ANTONIO,TAPIES,1923- SPAIN,2483,,,
2010,ARLESS,DAY,,2484,,,
2011,ART,SALAZAR,1938- UNITED STATES,2485,,,
2012,ARTHUR,SECUNDA,,2486,,,
2014,BARBARA,KRUGER,1945- UNITED STATES,-1,,,
2015,BARBARA,KWASNIEWSKA,,2489,,,
2016,BETSY,MARGOLIUS,1949- UNITED STATES,2490,,,
2017,BETTY,WOODMAN,1930- UNITED STATES,2602,,,
2018,BRAM,VAN VELDE,1895- HOLLAND,2492,,,
2019,BRUCE,MCLEAN,1944- SCOTLAND,2493,,,
2020,BRUCE,PORTER,1943- UNITED STATES,2494,,,
2021,CARLOS,MERIDA,1891-1984 GUATEMALA,2495,,,
2022,CAROL,COLLETTE,UNITED STATES,2496,,,
2023,CHRISTOPHER,BROWN,1951- UNITED STATES,2497,,,
2024,CHUCK,CLOSE,1940- UNITED STATES,2607,,,
2025,CLAES,OLDENBURG,"1929- STOCKHOLM, AMERICAN CITIZEN",2499,,,
2026,CLINTON,ADAMS,1918- UNITED STATES,2500,,,
2027,CONNOR,EVERTS,1926- UNITED STATES,2501,,,
2029,DAN,RIZZIE,1951- UNITED STATES,2502,,,
2030,DAVID,HOCKNEY,1937- ENGLAND,-1,,,
2031,DAVID,LYNCH,1946- UNITED STATES,2504,,,
2032,DAVID,SHAPIRO,1944- UNITED STATES,2612,,,
2033,DeLOSS,McGRAW,1945- UNITED STATES,-1,,,
2034,DONALD,BAECHLER,1956- UNITED STATES,2506,,,
2035,DONNA,DENNIS,1942- UNITED STATES,2608,,,
2036,DOUGLAS,COX,UNITED STATES,2508,,,
2037,EGILL,JACOBSEN,1910- DENMARK,2509,,,
2038,ELLA M.,SHELTER,UNITED STATES,2112,,,
2039,ELLEN,LANYON,1926- UNITED STATES,2510,,,
2040,EMERSON,WOELFFER,1914- UNITED STATES,2511,,,
2041,ENRIQUE,CHAGOYA,1953- MEXICO,2595,,,
2042,ERWIN,EISCH,1926- GERMANY,2596,,,
2043,ESTABEN,VICENTE,1903-2001 SPAIN,2514,,,
2044,ROBERTO,FERRUZZI,,2515,,,
2045,,FOLON/BAJ/ALECHINSKY,BELGIAN/ITALIAN/BELGIAN,2516,,,
2046,FRANK,STELLA,1936- UNITED STATES,2354,,,
2047,FREDERICK,MCDUFF,UNITED STATES,2355,,,
2048,G.,TULLIS - J. WILFER,UNITED STATES,2601,,,
2049,,GEILER,,2357,,,
2050,GEORGE,MIYASAKI,1935- UNITED STATES,2358,,,
2051,GIUSEPPE,SANTOMASO,1907- ITALY,2359,,,
2052,GRAHAM,EVERNDEN,ENGLAND,2360,,,
2053,GREGORY,AMENOFF,1948- UNITED STATES,2361,,,
2054,GUNTHER,GERZSO,1916-2000 MEXICO,2362,,,
2055,HAROLD,ALTMAN,1924-,2363,,,
2056,HARRY,SOVIAK,1935-1984 UNITED STATES,2364,,,
2057,HENRIK,STAZEWSKI,,2365,,,
2058,HENRY,ISAACS,1946- UNITED STATES,2366,,,
2059,HIROKI,MORINOUE,1947- UNITED STATES,2598,,,
2060,ITALO,SCANGA,1932-2001  ITALY,2368,,,
2061,IVOR,ABRAHAMS,1935- ENGLAND,2369,,,
2062,JACK,BEAL,1931- UNITED STATES,2370,,,
2063,JACK,WILLIAMS,UNITED STATES,2371,,,
2064,JAMES,ROSENQUIST,"1933, UNITED STATES",2372,,,
2065,JAMES,WINN,1949- UNITED STATES,2373,,,
2066,JANE,DICKSON,1952- UNITED STATES,2374,,,
2068,JARED,BARK,1944- UNITED STATES,2618,,,
2069,JAUNE,QUICK-TO-SEE-SMITH,UNITED STATES,2377,,,
2070,JAVACHEFF,CHRISTO,1935- BULGARIA,2606,,,
2071,JEAN,GORIN,1899- FRANCE,2129,,,
2072,JENNIFER,BARTLETT,1941- UNITED STATES,2379,,,
2073,JETTE,THYSSEN,1933- DENMARK,2380,,,
2074,JIM,DINE,1935- UNITED STATES,2610,,,
2075,JIM,NAWARA,1945- UNITED STATES,2382,,,
2076,JOAN,BROWN,1938-1990 UNITED STATES,2383,,,
2077,JOAN,MIRO,1893-1983 SPAIN,2384,,,
2078,JOAN,MITCHELL,1926-1992 UNITED STATES,2385,,,
2079,JOAN,SNYDER,1940- UNITED STATES,2386,,,
2080,JOE,PRICE,1935- UNITED STATES,2387,,,
2081,JOE,TILSON,1928- ENGLAND,2388,,,
2082,JOHN,BEERMAN,1958- UNITED STATES,-1,,,
2083,JOHN,BOWMAN,UNITED STATES,2390,,,
2084,JOHN,BUCK,1946- UNITED STATES,2603,,,
2085,JOHN,LOKER,,2392,,,
2086,JOSEPH,GOLDYNE,1942- UNITED STATES,2393,,,
2087,JUDI,BOISSON,UNITED STATES,2132,,,
2088,JUDY,PFAFF,1946- ENGLAND,2567,,,
2089,JUDY,RIFKA,1945- UNITED STATES,2395,,,
2090,KATE WARD,THACKER,1955- UNITED STATES,176,,,
2091,KENNETH,MARTIN,1905-1984 ENGLAND,2396,,,
2092,,KRAGH-JACOBSEN,,2397,,,
2093,KYU-BAIK,HWANG,1932-,2398,,,
2094,LARRY,BROWN,1942- UNITED STATES,2399,,,
2095,LAWRENCE,GIPE,1962- UNITED STATES,2400,,,
2096,LESLEY,DILL,1950- UNITED STATES,-1,,,
2097,LI LIN,LEE,1955- INDONESIA,2402,,,
2098,LINDA,PLOTKIN,1938- UNITED STATES,2134,,,
2099,LOIS,LANE,1948- UNITED STATES,-1,,,
2100,LOIS,RHEINGOLD,,2404,,,
2104,MARIO,RADICE,ITALY,2408,,,
2106,MARY,BERO,1949- UNITED STATES,2138,,,
2107,MARY,FRANK,1933- ENGLAND,2410,,,
2108,MARYANN,SCHMUCKER,UNITED STATES,2411,,,
2109,MAX,PAPART,"1911-1994, FRANCE",-1,,,
2110,MERRILL,MAHAFFEY,UNITED STATES,2413,,,
2111,MICHAEL,DAVID,1954- UNITED STATES,2414,,,
2112,MICHAEL,HEINDORFF,1949- GERMANY,-1,,,
2113,MICHAEL,HEIZER,1944- UNITED STATES,2616,,,
2114,MICHAEL,SCHOFIELD,UNITED STATES,2417,,,
2115,MICHAEL,SMITH,UNITED STATES,2418,,,
2117,MORRIS,GRAVES,1910- UNITED STATES,2580,,,
2118,NANCY,GRAVES,1940- UNITED STATES,2615,,,
2119,NICHOLAS,AFRICANO,1948- UNITED STATES,2422,,,
2120,NORMAN,STEWART,1947- UNITED STATES,-1,,,
2121,PATRICK,IRELAND,1935- IRELAND,2424,,,
2122,PAUL,JENKINS,1923- UNITED STATES,2425,,,
2123,PETER,SAARI,1951- UNITED STATES,2426,,,
2124,PHILIP,PEARLSTEIN,1924- UNITED STATES,-1,,,
2125,PHILLIP,VON SCHANTZ,1928-1998 SWEDEN,2428,,,
2126,PHYLLIS,SELTZER,UNITED STATES,2429,,,
2127,PEIRO,DORAZIO,1927- ITALY,2430,,,
2128,PIERRE,ALECHINSKY,1927- BELGIUM,2431,,,
2129,RAFAEL,FERRER,1933- PUERTO RICO,-1,,,
2130,RAY,KELLY,UNITED STATES,2147,,,
2131,RED,GROOMS,1937- UNITED STATES,393,,,
2133,RICHARD,KALINA,1946- UNITED STATES,2435,,,
2134,RICHARD,LOHSE,1902- SWITZERLAND,2436,,,
2136,RICHARD ,SMITH,1931- ENGLAND,2438,,,
2137,RICHARD,TREASTER,1932- UNITED STATES,2439,,,
2138,ROBERT,LAZUKA,1948- UNITED STATES,2440,,,
2139,ROBERT,MOTHERWELL,1915-1991 UNITED STATES,-1,,,
2140,ROBERT ,RAUSCHENBERG,1925- UNITED STATES,-1,,,
2141,ROBERT,ZAKANITCH,1935- UNITED STATES,2443,,,
2142,,RODMAN,,2444,,,
2143,ROGER,MUHL,,2445,,,
2144,RUFINO,TAMAYO,1899-1991 MEXICO,2446,,,
2145,SABINA,OTT,1955- UNITED STATES,2599,,,
2146,SAM,FRANCIS,1923-1994 UNITED STATES,2614,,,
2147,SAM,GILLIAM,1933- UNITED STATES,2569,,,
2148,SAUL,CHASE,1945- UNITED STATES,2450,,,
2149,,SCHLESINGER,,2451,,,
2150,SHELLY,ZEGART,UNITED STATES,2153,,,
2151,STAN,WASHBURN,1943- UNITED STATES,2452,,,
2153,STEPHEN,LORBER,1943- UNITED STATES,2454,,,
2154,STEVEN,SORMAN,1948- UNITED STATES,2600,,,
2155,SUSAN,CRILE,1942- UNITED STATES,2456,,,
2156,SUZANNE,CAPORAEL,1949- UNITED STATES,2565,,,
2158,SWIETLAN,KRACZYNA,1940- POLAND,2159,,,
2159,TERENCE,LANOUE,1941- UNITED STATES,2617,,,
2160,TOM,PHILLIPS,1937- ENGLAND,2460,,,
2161,TOMOE,YOKOI,,2461,,,
2162,,UNKNOWN-USA,UNITED STATES,2462,,,
2163,VALENTIN,POPOV,,2463,,,
2164,VICTOR,VASARELY,1908-1997 HUNGARY,2464,,,
2165,VITO,ACCONCI,1940- UNITED STATES,-1,,,
2166,WARRINGTON,COLESCOTT,1921- UNITED STATES,2164,,,
2167,WILL,BARNET,1911- UNITED STATES,-1,,,
2168,WILLIAM,WILEY,1937- UNITED STATES,-1,,,
2169,WOLF,KAHN,1927- GERMANY,2468,,,
2170,YAACOV,AGAM,1928- ISRAEL,2469,,,
2171,YVONNE,JACQUETTE,1934- UNITED STATES,2470,,,
2172,RICHARD,BOLINGBROKE,"UNITED STATES, ",0,,,
2182,,UNKNOWN-CHINESE,CHINA,0,,,
2184,,UNKNOWN-PERUVIAN,PERU,0,,,
2185,,UNKNOWN-AUSTRALIAN,AUSTRALIA,0,,,
2186,,UNKNOWN-ASIAN,CENTRAL ASIA,0,,,
2187,,UNKNOWN-GUATEMALAN,GUATEMALA,0,,,
2188,,UNKNOWN-COLOMBIAN,COLOMBIA,0,,,
2191,CHARLES,DWYER,1960- UNITED STATES,0,,,
2195,DOUGLAS,CHUN,1932- CHINA,0,,,
2196,FRANCIS,MAAS-HORBACH,1946- NETHERLANDS,0,,,
2198,GUILLERMO,SILVA,"1921- BOGOTA, COLOMBIA",0,,,
2200,ELAINE,SCHEER,UNITED STATES,0,,,
2201,ERIC,HAGSTROM,UNITED STATES,0,~,,
2208,DOUGLAS ,EDWARDS,1954- CANADA,0,,,
2213,LOUISE,NEVELSON,"1899 - 1988, UNITED STATES",0,,,
2230,ANNORA,SPENCE,1963- ENGLAND,0,,,
2232,MARILYN,BERGSTROM,UNITED STATES,0,,,
2233,ANDER,KASE,1957- UNITED STATES,0,,,
2235,WALTER,BACHINSKI,1940- UNITED STATES,0,,,
2260,JOHN,HIMMELFARB,1946-UNITED STATES,0,•,,
2261,LUCILLE P.,NAWARA,1941- UNITED STATES,0,,,
2267,P.G.,GRAVELE,UNITED STATES,0,,,
2270,DAVID L.,MINTZER,UNITED STATES,0,,,
2271,DAVID,NASH,1945- ENGLAND,0,,,
2272,NANCY EKHOLM,BURKERT,1933- UNITED STATES,0,,,
2273,MICHELLE,GRABNER,,0,,,
2275,MARTIN,LEVINE,,0,,,
2276,MUNIO,MAKUUCHI,,0,,,
2277,BRUCE,NAUMAN,,0,,,
2278,GLADYS,NILSSON,2001,0,,,
2279,ED,PASCHKE,"1939-2004, UNITED STATES",0,,,
2280,FRED,STONEHOUSE,,0,,,
2281,TOM,UTTECH,UNITED STATES,0,,,
2282,RICHARD,ANUSZKIEWICZ,1930- UNITED STATES,0,,,
2284,HELEN,ZARIN,1970 - IRAN,0,,,
2285,MARY,CALKINS,UNITED STATES,0,,,
2286,RICHARD ,SPARE,UNITED STATES,0,,,
2287,STAVROS,KOTSIREAS,GREECE,0,,,
2289,RICHARD,TUFF,1965- ENGLAND,0,,,
2290,CECILIA,MAYR,1955- BRAZIL,0,,,
2291,TERENCE ,MILLINGTON,ENGLAND- 1942,0,,,
2294,DEE,WHITTINGTON,ENGLAND,0,,,
2295,JIM ,RINGLEY,"1963, UNITED STATES",0,,,
2301,LISA,KESLER,UNITED STATES,0,,,
2307,SUSAN,HUNT-WULKOWICZ,1944-UNITED STATES,0,,,
2310,KAREN,MUSMECI,1958 - UNITED STATES,0,,,
2316,PAUL,TAYLOR,UNITED STATES,0,,,
2322,JEERA,RATTANANGKOON,"1958, THAILAND",0,,,
2326,,MARI,,0,,,
2327,SUSAN,GROSSMAN,,0,,,
2328,PHIL,GREENWOOD,,0,,,
2329,MARGARITA,ANTILLION,MEXICO,0,,,
2331,JORO,PETKOV,,0,,,
2332,BARBARA,TAKENAGA,UNITED STATES,0,•,,
2333,MARGARET,TSIRANTONAKIS,GREECE,0,,,
2339,CAROL,BERGMAN,,0,,,
2340,BARBARA,JARMAN,,0,,,
2341,CARMEN LOMAS,GARZA,1948- UNITED STATES,0,,,
2342,LUCY A.,JAHNS,UNITED STATES,0,,,
2343,,JAEGER,UNITED STATES,0,,,
2344,PAULA,WENZL,AMERICAN,0,,,
2345,THOMAS,TAYLOR,UNITED STATES,0,,,
2347,JANE,HAMMOND,1950- UNITED STATES,0,,,
2348,HUNG,LIU,1948- CHINA,0,,,
2355,LINDA TALBOT,RIZZOLO,UNITED STATES,0,,,
2356,RONALD RAY,REEKERS,UNITED STATES,0,,,
2357,THOMAS ,ROBICHAUD,1954- UNITED STATES,3177,•ARTIST•,,
2366,DONALD,SULTAN,1951 - UNITED STATES,0,•ARTIST•,,
2368,,UNKNOWN - EUROPEAN,FLEMISH,0,,,
2371,RAY,MICKEVICIUS,UNITED STATES,3228,•ARTIST•,,
2372,DEBORAH T.,COLTER,,0,,,
2373,BRYAN,MARTIN,,0,,,
2374,C.,HURBACH,,0,,,
2375,DAN,SPAHN,,0,,,
2376,CAMERON,MARTIN,,0,,,
2377,CONNIE,SMITH SIEGEL,,0,,,
2378,NASCO,PELEV,,0,,,
2379,,REULE,,0,,,
2382,PAUL,FORTIS,AMERICAN,0,,,
2383,KENT,THOMSON,,0,,,
2384,ANA MARIA,HERNANDO,1959- ARGENTINA,0,•,,
2385,KAREN,HOEPTING,,0,,,
2386,HEATHER,JUDGE,AMERICAN,0,•ARTIST•,,
2387,PIETRO,ADAMO,1955- CANADA,0,•ARTIST•,,
2388,DOWNE,BURNS,AMERICAN,0,•ARTIST•,,
2389,JOSEPH,BELLACERA,UNITED STATES,0,•ARTIST•,,
2390,S. VAN,BECKUM,UNITED STATES,0,,,
2391,KATHERINE,MC GUINNESS,1953 - UNITED STATES,0,,,
2392,HEATHER ,Mc APLINE,UNITED STATES,0,•ARTIST•,,
2393,FRED,TULLIS,1950- UNITED STATES,0,•ARTIST•,,
2394,LINDA,TULLIS,"1955, UNITED STATES",0,,,
2395,DON,BRADSHAW,UNITED STATES,0,,,
2396,ALEAH,KOURY,UNITED STATES,0,•ARTIST•,,
2397,ANN,DERGARA,UNITED STATES,0,•ARTIST•,,
2398,HONG YUAN,XU,"1963, CHINA",0,•ARTIST•,,
2399,,LING,CHINA,0,•ARTIST•,,
2400,BRYAN,MARTIN,"1969, GERMANY",0,•ARTIST•,,
2401,,UNKNOWN,POLAND,0,,,
2402,DONNA,BROWN,DOOR COUNTY WISCONSIN LOCAL ARTIST,3258,•ARTIST•,,
2403,MARIANNE,DIEKMAN,DOOR COUNTY WISCONSIN LOCAL ARTIST,0,•ARTIST•,,
2404,GERHARD C.F.,MILLER,DOOR COUNTY WISCONSIN LOCAL ARTIST,0,•ARTIST•,,
2405,NATALYA,ROMANOWSKY,UNITED STATES,0,,,
2406,,ANONYMOUS,,0,,,
2407,PAUL,KLEE,,0,,,
2408,NINO,MUSTICAL,,0,,,
2409,THOMAS,MCKNIGHT,,0,,,
2410,FERNANDO,BOTERO,,0,,,
2411,A.M.,CASSANDRE,,0,,,
2412,AMEDEO,MODIGLIANI,,0,,,
2413,,POLISH CIRCUS POSTER,,0,,,
2414,DOROTHY,GILLESPIE,,0,,,
2415,HARRY,NADLER,,0,,,
2416,JON,FRIEDMAN,,0,,,
2417,MEL,BOCHNER,,0,,,
2418,DENNIS,ASHBAUGH,,0,,,
2419,DAN,CHRISTENSEN,,0,,,
2420,JOAN,THORNE,,0,,,
2421,BILL,KOMOSKI,,0,,,
2422,JOHN,KELLEY,,0,,,
2423,VALERIE,JAURDON,,0,,,
2424,NANCY,CARLSON,,0,,,
2425,BILL,KUCHA,,0,,,
2426,JACK,ROBERTS,,0,,,
2427,SHELIA,GOLDEN,,0,,,
2428,SANDRA,WAMPLER,,0,,,
2429,RENE,MAGRITTE,,0,,,
2430,,RITOLA,,0,,,
2431,LESLIE,WASSERBURGER,,0,,,
2432,HENRI,MATISSE,,0,,,
2433,MACKENZIE,THORPE,,0,,,
2434,CLARE,BEATON,,0,,,
2435,SIMON,HART,,0,,,
2436,JOHN,DYER,,0,,,
2437,,TRAVEL POSTER,,0,,,
2438,TONYA,SHORT,,0,,,
2439,CHARLOTTE,VOAKE,,0,,,
2440,JOHN,BOTZ,,0,,,
2441,DEAN,MORRISSEY,,0,,,
2442,SIMON,ABOTT,,0,,,
2443,BEN,SCHONZEIT,,0,,,
2444,,BARTH,,0,,,
2445,TODD,McKIE,,0,,,
2446,FRANK LLOYD,WRIGHT,,0,,,
2447,,TANNER,,0,,,
2448,FERNAND,LEGER,,0,,,
2449,HOWARD,HODGKIN,,0,,,
2450,DIANE ULMER,PEDERSON,,0,,,
2451,BARBARA,WELDON,,0,,,
2452,NATHANIEL,MATHER,,0,,,
2453,,ZELDA,,0,,,
2454,PABLO,PICASSO,,0,,,
2455,RICHARD,DIEBENKORN,,0,,,
2456,GREGG,ROBINSON,1950 - CANADIAN,0,,,
2457,THOMAS,LEUNG,,0,,,
2458,MILTON,AVERY,,0,,,
2459,BRIDGET,RILEY,,0,,,
2460,PIET,MONDRIAN,,0,,,
2461,PARIS,KEYSTONE,,0,,,
2462,VASSILY,KANDINSKY,,0,,,
2463,ALEXANDER,CALDER,,0,,,
2464,WILLEM,DE KOONING,,0,,,
2465,PETER,KITCHELL,,0,,,
2466,SALLY,WETHERBY,,0,,,
2467,MARCIA,BURTT,,0,,,
2468,ANDREA,PADOVANI,,0,,,
2469,DEXTER,MCGOWAN,,0,,,
2470,ALLAYN,STEVENS,,0,,,
2471,,HOROWITZ,,0,,,
2472,DARIAN,CHASE,,0,,,
2473,GRACE,PHILLIPS,,0,,,
2474,ROBERT,KETCHUM,,0,,,
2475,DOUGLAS,MORRIS,,0,,,
2476,CLAUDE,MONET,,0,,,
2477,MARTIN,HEADE,,0,,,
2478,GREG,SINGLEY,,0,,,
2479,FRAN,WOHLFELDER,,0,,,
2480,ELISABETH,ESTIVALET,,0,,,
2481,SHERRIE,MCGRAW,,0,,,
2482,FRANZ,MARC,,0,,,
2483,ANSEL,ADAMS,,0,,,
2484,RAOUL,DUFY,,0,,,
2485,LINDA,HOLT,,0,,,
2486,GERALD,BRIMACOMBE,,0,,,
2487,SUSAN,DRINKER,,0,,,
2488,DICK,DURRANCE,,0,,,
2489,VICTORIA,RYAN,,0,,,
2490,BARBARA,CLEARY,,0,,,
2491,GUSTAV,KLIMT,,0,,,
2492,DIEGO,RIVERA,,0,,,
2493,NANCY,CROOKSTON,,0,,,
2494,CATHLEEN,DALY,,0,,,
2495,STEPHAN,WHITTLE,,0,,,
2496,GREGORY,WILHELMI,,0,,,
2497,DORTHEA,ROCKBURNE,,0,,,
2498,WILLIAM,NEILL,,0,,,
2499,B.J.,ZHANG,,0,,,
2500,EDWARD,HOPPER,,0,,,
2501,KIM,PARKER,,0,,,
2502,DAVID,MUENCH,,0,,,
2503,FREDRIC,CHURCH,,0,,,
2504,BONNIE,POSELLI,,0,,,
2505,MICHAEL,KAHN,,0,,,
2506,VINCENT,VAN GOGH,,0,,,
2507,JOSE,LORENZI,,0,,,
2508,RAY,ELLIS,,0,,,
2509,,RAYA,,0,,,
2510,JOHN AUGUST,SWANSON,,0,,,
2511,ABRAHAM,HESCHEL,,0,,,
2512,JUDY,DODDS,,0,,,
2513,MICHAEL,MCGRATH,,0,,,
2514,ROMARE,BEARDEN,,0,,,
2515,ORAH,MOORE,,0,,,
2516,ANDREW,WYETH,,0,,,
2517,MIGUEL,DOMINGUEZ,,0,,,
2518,GUSTAV,CAILEBOTTE,,0,,,
2519,LANE,RAHA,,0,,,
2520,BRADLEY,STEVENS,,0,,,
2521,CAROL,BUETTNER,,0,,,
2522,GIL,DELLINGER,,0,,,
2523,ROLAND,BEAL,,0,,,
2524,DWIGHT,WOOD,,0,,,
2525,LAWRENCE,MATHIS,,0,,,
2526,RAMON,PUJOL,,0,,,
2527,WINSLOW,HOMER,,0,,,
2528,ANDREW,PETERS,,0,,,
2529,GEORGIA,O'KEEFFE,,0,,,
2530,LOUIS COMFORT,TIFFANY,,0,,,
2531,ALBERT,BIERSTADT,,0,,,
2532,PHILLIP,PHILBECK,,0,,,
2533,JIM,HARRINGTON,,0,,,
2534,TIM,JOHNSON,1961- UNITED STATES,0,,,
2535,MARY,CASSAT,,0,,,
2536,GEORGE,SEURAT,,0,,,
2537,DOMINIQUE,GAUDIN,,0,,,
2538,MAX,HAYSLETTE,,0,,,
2539,PETER,BECKMANN,,0,,,
2540,PAUL,GAUGUIN,,0,,,
2541,ALLAN,STEPHENSON,,0,,,
2542,MARLA,BAGGETTA,,0,,,
2543,MARTI,SOMERS,,0,,,
2544,,ADDISON,,0,,,
2545,,KRANTZ,,0,,,
2546,MARGARITA,GARCIA,,0,,,
2547,KATHERINE,HURLEY,,0,,,
2548,UTAGAWA,HIROSHIGE,,0,,,
2549,PIERRE-AUGUSTE,RENOIR,,0,,,
2550,CAROL,SATRIANI,,0,,,
2551,JAMES,BLAKEWAY,,0,,,
2552,ANNA MARY,ROBERTSON,,0,,,
2553,FAIRFIELD,PORTER,,0,,,
2554,FLIP,NICKLIN,,0,,,
2555,TRACY,TAYLOR,,0,,,
2556,KEVIN,WHITLARK,,0,,,
2557,KONRAD,WOETHE,,0,,,
2558,ANTHONY,COOK,,0,,,
2559,TERUKO,WILDE,,0,,,
2560,SUZANNE,ETIENNE,,0,,,
2561,EDWARD,POTTHAST,,0,,,
2562,,LIBISZEWSKI,,0,,,
2563,GEORGE,FERRIS,,0,,,
2564,EDVARD,MUNCH,,0,,,
2565,ART,WOLFE,,0,,,
2566,DWIGHT,HISCANO,,0,,,
2567,ALAN,HOELZLE,,0,,,
2568,PETER,SCULTHORPE,,0,,,
2569,CHERYL,PIPERBERG,,0,,,
2570,SYLVIA,EDWARDS,,0,,,
2571,JOSEPH,HOLSTON,,0,,,
2572,MARLENE,HEALEY,,0,,,
2573,FREDRICK CARL,FRIESEKE,,0,,,
2574,PIERRE,BONNARD,,0,,,
2575,WILLIAM,MORRIS,,0,,,
2576,MACDUFF,EVERTON,,0,,,
2577,A.Y.,OWEN,,0,,,
2578,HUNTINGTON,WITHERILL,,0,,,
2579,ROBERT,DELAUNAY,,0,,,
2580,SETH,WINEGAR,,0,,,
2581,ABOTT FULLER,GRAVES,,0,,,
2582,KAREN,DUPRE,,0,,,
2583,,HARRIS,,0,,,
2584,,YORK,,0,,,
2585,ASTRID,HEINECKE,,0,,,
2586,ELSPETH,ARMAND,,0,,,
2587,JOHN,KIME,,0,,,
2588,AMY,MISHKIN,,0,,,
2589,MARC,CHAGALL,,0,,,
2590,ROMERO,BRITTO,,0,,,
2591,,AUGUSTINE,,0,,,
2592,DIANA,CALVERT,,0,,,
2593,JOHN,DOUGLAS,,0,,,
2594,JAMES,ELLIOT,,0,,,
2595,FRANCOIS,FRESSINIER,,0,,,
2596,ELISE,LUNDEN,,0,,,
2597,ROBERT,HOLMAN,,0,,,
2598,HOWARD,HERSH,,0,,,
2599,WILLIAM,HOOK,,0,,,
2600,PHYLLIS,HORNE,,0,,,
2601,MICHAEL,EISEMANN,,0,,,
2602,BROOK,TEMPLE,,0,,,
2603,FELIX,VALLOTTON,,0,,,
2604,LISE,SHEARER,,0,,,
2605,JOSEPH,HOLMES,,0,,,
2606,CHILDE,HASSAM,,0,,,
2607,ALVIN,HOLLINGSWORT,,0,,,
2608,,KIRAJ,UNITED STATES,0,•,,
1,"MENGUAL, A. MARTINEZ",MENGUAL,1948- SPAIN,0,,,
5,ADRIAN,WISZNIEWSKI,,0,,,
6,AGNES,NANOGAK,,0,,,
12,ANDREA,BELOFF,,0,,,
15,ANITA,FORD,,0,,,
21,BAI BAI,NAPANGARTI,,0,,,
22,BARBARA,ROMNEY,"1926, UNITED STATES",0,,,
23,,BELLEUDY,,0,,,
26,BETH VAN,HOESEN,,0,,,
29,BETTY,TOMPKINS,,0,,,
30,BILL,SULLIVAN,,0,,,
37,CAROLINE,STONE,,0,,,
41,CHARLES,LAPICQUE,,0,,,
42,CHARLIE,DJURITJINNI,,0,,,
46,"POSSATI, CONCETTO",POSSATI,1935- ITALY,0,,,
53,"CHIHULY, DALE",CHIHULY,1941- UNITED STATES,0,,,
55,DAN,NAMINGHA,,0,,,
58,"FAVILLE, DAVE",FAVILLE,1965- UNITED STATES,0,,,
66,"BALTZER, DIANE FRANCIS",BALTZER,UNITED STATES,0,,,
69,DON KELLOGG,COWAN,,0,,,
72,DON,WOOD,,0,,,
73,DONALD,FARNSWORTH,,0,,,
75,DOUGLAS,ZUCCO,,0,,,
76,EARL,BISS,,0,,,
79,"DOMINGUEZ, EDDIE",DOMINGUEZ,1957- UNITED STATES,0,,,
85,EMMI,WHITEHORSE,,0,,,
87,ESTHER,BARAN,,0,,,
90,FAUSTA,SQUATRITI,,0,,,
103,,GRAEME,,0,,,
119,HOWARD,POST,,0,,,
121,HUGH,MERRILL,,0,,,
125,INGRID,DAVIS,,0,,,
132,JACQUES,SOISSON,,0,,,
133,JAMES,APONOVICH,,0,,,
135,JAMES,COX,,0,,,
142,JANET LEWIS,MCGRAW,,0,,,
143,"ALEXANDER, JASON",ALEXANDER,1965- CANADA,0,,,
144,JEAN,AXATARD,,0,,,
149,JEFFREY,LEW,,0,,,
158,JOHN,ARBUCKLE,1953 UNITED STATES,0,,,
168,JUANE QUICK-TO-SEE,SMITH,,0,,,
169,JUDITH,SCHONEBAUM,,0,,,
177,KATHERINE,BOWLING,1955 - UNITED STATES,0,,,
184,LARRY,MORACE,,0,,,
185,LAURENT DE,BRUNHOFF,,0,,,
186,LE,CLAIR,,0,,,
188,"WHITTEN , LEESA",WHITTEN,UNITED STATES,0,,,
193,J. G.,LIPPMANN,,0,,,
194,"ALBUQUERQUE, LITA",ALBUQUERQUE,1946- UNITED STATES,0,,,
197,LUCKY,LANGDON,,0,,,
202,MALCOLM,WELLS,,0,,,
204,MARION,HOWARD,,0,,,
206,MARK ANDREW,GODWIN,,0,,,
207,MARK,ANDREWS,,0,,,
212,"ROUFF, MARY LOUISE",ROUFF,UNITED STATES,0,,,
213,MARY,MALENOIR,,0,,,
215,MAURO,GIUFFRIDA,,0,,,
216,MAX,COYER,,0,,,
217,MELISSA,MARKELL,,0,,,
219,MICHAEL,CLARK,,0,,,
222,"PEASE, MICHAEL",PEASE,1948- UNITED STATES,0,,,
223,MICHAEL,RABURN,,0,,,
225,MICKEY,MYERS,,0,,,
226,"SMITH, MIKE",SMITH,1942- UNITED STATES,0,,,
227,,MINTZER,,0,,,
232,NEIL,LOEB,,0,,,
233,"BLAINE, NELL",BLAINE,UNITED STATES,0,,,
234,"JELEN, NICOLETTE",JELEN,1952- MOROCCO,0,,,
237,,OBOLEWICZ,,0,,,
238,,OKU,,0,,,
239,OLIVERIA,MUNRO,,0,,,
240,PADDY,DHATANGU,,0,,,
242,PEGGY,ZALUCHA,,0,,,
246,PHYLLIS,COHEN,,0,,,
251,PORTIA,DANIELS,,0,,,
254,RICARDO,BENAIM,,0,,,
257,RICHARD,CHIRIANI,,0,,,
258,RICHARD,KEMBLE,"1932, UNITED STATES",0,,,
265,ROGER LAUX,NELSON,,0,,,
270,SABRA,RICHARDS,,0,,,
276,SHARON,WEISER,,0,,,
286,SUSAN,BUSH,,0,,,
291,TJEMMA,NAPANANGKA,,0,,,
292,TOMAR,LEVINE,,0,,,
296,VALERIO,ADAMI,,0,,,
298,VIKKI,SLOWE,,0,,,
302,WILLIAM,WEGMAN,,0,,,
2067,JANE,ECCLES,,0,,,
2101,LOUISE,NEVELSON,,0,,,
2103,MARIO,BARBIERI,,0,,,
2105,MARTHA,HUBERT,,0,,,
2116,MICHEL,BEZ,,0,,,
2132,"ANUSZKIEWICS, RICHARD",ANUSZKIEWICS,1930- UNITED STATES,0,,,
2152,"LORBER, STEPHAN",LORBER,1943- UNITED STATES,0,,,
2180,ELIZABETH,SWARTZ,,0,,,
2192,BETH,VAN HOESEN,,0,,,
2193,MARY,SILVERWOOD,,0,,,
2194,"PETERSON, ADRIA",PETERSON,UNITED STATES,0,,,
2197,"WAGNER, RON",WAGNER,1952- UNITED STATES,0,,,
2199,KRISTIN,ROTHROCK,"UNITED STATES, 1968",0,,,
2204,MICHAEL,EISEMANN,,0,,,
2209,ANNORA,SPENCE,,0,,,
2222,"Brody, Barbara Hammerman",Brody,UNITED STATES,0,,,
2248,TONY,ROSATI,,0,,,
2274,SUSAN,HUNT-WULKOWICZ,,0,,,
2283,LISA,KESSLER,,0,,,
2303,LEE,CREW,,0,,,
2304,TERENCE,MILLINGTON,,0,,,
2312,"STRATTON, JUNE",STRATTON,1959- UNITED STATES,0,,,
2313,ANTS,REIGO,,0,,,
2314,PENNY,FEDER,,0,,,
3378,JOHN,MILAN,AMERICAN,0,,,
3379,VIRGINIA,WOOD,,0,,,
2315,"BORSKY, JIRI",BORSKY,1945- CZECH REPUBLIC,0,,,
2317,LINDA,HANSON,,0,,,
2318,KEITH,RASMUSSEN,,0,,,
2319,CLARK,MITCHELL,UNITED STATES,0,,,
2320,GEORGIA,MARSH,,0,,,
2321,FRANK,TAYLOR,,0,,,
2324,JOHN,ROLFSMEYER,,0,,,
2330,"ZIEMBO, DAN",ZIEMBO,1941 - UNITED STATES,0,,,
2335,KATHY,BROSNAN,,0,,,
2336,KARL NATHAN,BLACK,,0,,,
2337,FRANKLIN B.,WAY,,0,,,
2338,FRANKLIN B.,WAY,,0,,,
2346,JANE,ROSEN,,0,,,
2363,ROBB,QUISLING,,0,,,
2364,JOSEPH,RAFFAEL,"1933- UNITED STATES, RESIDES IN FRANCE",0,,,
2365,BEN,SCHONZEIT,,0,,,
2367,EMILY,LYMAN,,0,,,
2873,MARI,GIDDINGS,,0,,,
2874,GRANT,WOOD,,0,,,
2875,ROSS,WORDHOUSE,,0,,,
2876,BRIAN,BLOOD,,0,,,
2877,ADELE,GOLD,,0,,,
2878,STEVEN,MEYERS,,0,,,
2879,BARBARA,HAILS,,0,,,
2880,DAVID,SCHOCK,,0,,,
2881,DONALD,ZOLAN,,0,,,
2882,FLEUR,OLBY,,0,,,
2883,ELLA,DORAN,,0,,,
2884,KEN,DUNCAN,,0,,,
2885,JEAN,GUICHARD,,0,,,
2886,TOM,MACKIE,,0,,,
2887,MIKE,McGORAN,,0,,,
2888,KRISTY,McLAREN,,0,,,
2889,DENISE,REGAN,UNITED STATES,0,,,
2890,CHERIE,ST. CYR,UNITED STATES,3300,,,
2891,JACQUELINE,PENNEY,,0,,,
2892,JOHN,BANOVICH,,0,,,
2893,EVITA,TEZENO,,0,,,
2894,ANN,SHIOGI,,0,,,
2895,APRIL,HARRISON,,0,,,
2896,THOMAS,MANGELSEN,,0,,,
2897,EDWARD,HUGHES,,0,,,
2898,ALPHONSE,MUCHA,,0,,,
2899,SELINA,TAYLOR,,0,,,
2900,SETH,CONLEY,,0,,,
2901,HECTOR,GIACOMELLI,,0,,,
2902,BARBARA,KALHOR,,0,,,
2903,TUCKER,SMITH,,0,,,
2904,RAMONA,YOUNGQUIST,,0,,,
2905,BARBARA,ZARING,,0,,,
2906,DAVID,STOEKLEIN,,0,,,
2907,TERRANCE,MCKILLIP,,0,,,
2908,NATASHA,BARNES,"1969, SOUTH AFRICA",0,•,,
2909,GREG,STOCKS,,0,,,
2910,,LYNN,UNITED STATES,0,,,
2911,PAUL,TIERSKY,UNITED STATES,0,,,
2912,,FISCHER-WARNICA,UNITED STATES,0,,,
2913,ROBERT,RIVERA,,0,,,
2914,PETER,HOLBROOK,UNITED STATES,0,,,
2915,STEPHEN,MC MILLAN,1949- UNITED STATES,0,•,,
2916,L. GENEVIEVE,DAVIS,UNITED STATES,3305,,,
2917,NELL,REVEL-SMITH,,0,,,
2918,GRANCEL,FITZ,,0,,,
2919,TIMOTHY,ARZT,,0,,,
2920,LIZ,MAXWELL,,0,,,
2921,ROBERT,MERTENS,,0,,,
2922,KERRY,VANDER MEER,,0,,,
2923,CARR,CLIFTON,,0,,,
2924,BARBARA,FOUNTAIN,,0,,,
2925,CARME,MASSANA,,0,,,
2926,R.C.,GORMAN,,0,,,
2927,ANDRZEJ,SKORUT,,0,,,
2928,WILL,CONNOR,,0,,,
2929,NIVIA,GONZALEZ,,0,,,
2930,MICHAEL,DUDASH,,0,,,
2931,VELOY,VIGIL,,0,,,
2932,JAN R.,CARSON,UNITED STATES,0,,,
2933,JAN,CARSON,UNITED STATES,3319,•,,
2934,RACHEL,DEACON,,0,,,
2935,RON,PARKER,,0,,,
2936,JILL,BARTON,,0,,,
2937,RICHARD,THOMAS,,0,,,
2938,JANE,CARLSON,,0,,,
2939,FREDERICK,REMINGTON,,0,,,
2940,,PARAVANO,,0,,,
2941,,BOGUSHEFSKY,,0,,,
2942,STEVEN,VALIERE,,0,,,
2943,TERRY,ROSE,,0,,,
2944,GREG,GLOWKA,,0,,,
2945,LESLIE,RAGAN,,0,,,
2946,URSALA,BRENNER,,0,,,
2947,JIM,VAN OVERBEEK,,0,,,
2948,ELLIE,FREUDENSTEIN,,0,,,
2949,THIRZA,KOTZEN,,0,,,
2950,COLLEEN,HOWE,,0,,,
2951,HENRI,LEBASQUE,,0,,,
2952,ELLEN,GUNN,,0,,,
2953,DON,LI-LEGER,,0,,,
2954,FORREST,MICHAELS,,0,,,
2955,LARRY,D'AMICO,,0,,,
2956,LI,SHAN,,0,,,
2957,SHIRLEY,FELTS,,0,,,
2958,LIBERO,PATRIGNANI,,0,,,
2959,DURWOOD,ZEDD,,0,,,
2960,LENARD,DE BRUNHOFF,,0,,,
2961,ROBERT,BATEMAN,,0,,,
2962,BART,FORBES,,0,,,
2963,,JAMALI,,0,,,
2964,ANTHONY,ROSS,,0,,,
2965,WAYNE,THIEBAUD,,0,,,
2966,CHRISTOPHER,CASSEGRAIN,,0,,,
2967,EDGAR,DEGAS,,0,,,
2968,KONSTANTIN IVANOVITCH,GORBATOV,,0,,,
2969,MIGUEL,TORRECILLA,,0,,,
2970,JULIET,VAN OTTEREN,,0,,,
2971,ANDREAS,FEININGER,,0,,,
2972,CHARLES,DEMUTH,,0,,,
2973,PETER,BLUME,,0,,,
2974,DEAN,MITCHELL,,0,,,
2975,JUAN,GRIS,,0,,,
2976,JACK,BUSH,,0,,,
2977,BLANCHE,LAZZELL,,0,,,
2978,ROCKWELL,KENT,,0,,,
2979,PIET,BEKAERT,,0,,,
2980,PEDRO,CANO,,0,,,
2981,BERTHE,MORISOT,,0,,,
2982,JESSIE ARMS,BOTKE,,0,,,
2983,SARAH WYMAN,WHITMAN,,0,,,
2984,MOURICE BRAZIL,PRENDERGAST,,0,,,
2985,H.,MAIDMENT,,0,,,
2986,MICHAEL,PALMER,,0,,,
2987,CHRISTOPER G.,SCHULTZ,,0,,,
2988,EDWARD R.,TAYLOR,,0,,,
2989,PETER,ADAMS,,0,,,
2990,STEPHEN,DINSMORE,,0,,,
2991,SCOTT,JACOBS,,0,,,
2992,GARY,AKERS,,0,,,
2993,DOUG,BREGA,,0,,,
2994,JOHN JAMES,AUDUBON,,0,,,
2995,O. WINSTON,LINK,,0,,,
2996,MEL,PATRICK,,0,,,
2997,JILLIAN,DAVID,,0,,,
2998,PETER,KROYER,,0,,,
2999,,DYSART,,0,,,
3000,KEN,ELLIOT,,0,,,
3001,,AUKYA,,0,,,
3002,FRANKLIN,CARMICHAEL,,0,,,
3003,TOM,THOMSON,,0,,,
3004,MAXFIELD,PARRISH,,0,,,
3005,,PRISMA,,0,,,
3006,,MYRON,,0,,,
3007,JON,ALAN,,0,,,
3008,ROBERT,YODER,1962- UNITED STATES,0,•,,
3009,M.C.,ESCHER,,0,,,
3010,GRAHAM,PAINTER,,0,,,
3011,HENRIETTA,MILAN,,0,,,
3012,JOHN,BAEDER,,0,,,
3013,MARCUS,BOHNE,,0,,,
3014,SUSAN,SCULLEY,,0,,,
3015,SCOTT,HILE,,0,,,
3016,DIDIER,LOURENCO,,0,,,
3017,SALVADOR,DALI,,0,,,
3018,JOHN,BUTLER,,0,,,
3019,BO,BARTLETT,,0,,,
3020,SHIRLEY,TREVENA,,0,,,
3021,BARBARA,VAN WINKELEN,,0,,,
3022,ELIZABETH,HORNING,,0,,,
3023,KENT,WALLIS,,0,,,
3024,CHECO,DIEGO,,0,,,
3025,DAVID,BAILEY,,0,,,
3026,DEBORAH,DEWIT,,0,,,
3027,RAY,HENDERSHOT,,0,,,
3028,ROSS,TURNER,,0,,,
3029,ALEXY,JAWLENSKY,,0,,,
3030,FORD,SMITH,,0,,,
3031,TOM,NOBLE,,0,,,
3032,TERRY,ISAAC,,0,,,
3033,KIPP,STEWART,,0,,,
3034,REX,RAY,,0,,,
3035,RON,TIMBERLAKE,,0,,,
3036,LIV,CARSON,,0,,,
3037,CAROLYN,COLE,,0,,,
3038,ARTHUR,DOVE,,0,,,
3039,VIOLA,LEE,,0,,,
3040,JOHN,McCORMICK,,0,,,
3041,HANS,PAUS,,0,,,
3042,ELISE,REMENDER,,0,,,
3043,SEAN,SCULLY,,0,,,
3044,AUDREY,WELSH,,0,,,
3045,JILL,O'FLANNERY,,0,,,
3046,KEN,HILDREW,,0,,,
3047,PETER,SCOTT,,0,,,
3048,,EMMERICH,,0,,,
3049,ALLEN,LUND,,0,,,
3050,DANIEL,PHILL,,0,,,
3051,FRIEDBERT,RENBAUM,,0,,,
3052,DAVID,NOTON,,0,,,
3053,RAPHEL,SERUR,,0,,,
3054,CRAIG,ALAN,,0,,,
3055,REBECCA,KOURY,,0,,,
3056,RANDALL,LAKE,,0,,,
3057,GERALDINE,GIRVAN,,0,,,
3058,NED,YOUNG,,0,,,
3059,R,CAIRNS,,0,,,
3060,DANE,TILGHMAN,,0,,,
3061,RON,JENKINS,,0,,,
3062,JOSEPH,SOHM,,0,,,
3063,BOZE,MILLER,,0,,,
3064,LOWELL,HERRERO,,0,,,
3065,ITZHAK,TARKAY,,0,,,
3066,SONYA,PAZ,,0,,,
3067,DANIEL,JONES,,0,,,
3068,SUZAKI,KIITSU,,0,,,
3069,STEVE,BLOOM,,0,,,
3070,CARL,BRENDERS,,0,,,
3071,,MOSKOWITZ,,0,,,
3072,STEPHEN,LYMAN,,0,,,
3073,,THORTON,,0,,,
3074,MATTHEW,HILLIER,,0,,,
3075,,COMO,,0,,,
3076,MEG,HILL,,0,,,
3077,PHYLLIS,ROWLEY,,0,,,
3078,CORY,SILKEN,,0,,,
3079,SCOTT,STEELE,,0,,,
3080,STEPHAN,SEBASTIAN,,0,,,
3081,PIERRE,BITTAR,,0,,,
3082,THOMAS,ANDERSON,,0,,,
3083,NAN,GOSS,,0,,,
3084,IVES,McCOLL,,0,,,
3085,,REDON,,0,,,
3086,,ALLEN,,0,,,
3087,JOHN,GAVRILIS,,0,,,
3088,,DONOVAN,,0,,,
3089,CHRISTIAN,LASSEN,,0,,,
3090,RON,BURNS,,0,,,
3091,RICK,EGAN,,0,,,
3092,STACY,BRIDENHAGEN,,0,,,
3093,CHAROLETTE,HARDY,,0,,,
3094,ELENA,GOMEZ,,0,,,
3095,GIULIANA,LAZZERINI,,0,,,
3096,FIONA,MILLAIS,,0,,,
3097,TONY,SWEET,,0,,,
3098,MIKE,JONES,,0,,,
3099,BRANDON,COLE,,0,,,
3100,GERRY,ELLIS,,0,,,
3101,LUN,TSE,,0,,,
3102,CRAIG,ALAN,,0,,,
3103,,TREY,,0,,,
3104,MARK,LOVEWELL,,0,,,
3105,PAUL,KOZAL,,0,,,
3106,JOEL,GIOVANNI,,0,,,
3107,,NAKISA,,0,,,
3108,CRAIG,BLACKLOCK,,0,,,
3109,ANGELA,NEWBERRY,,0,,,
3110,NANCY,HAMMOND,,0,,,
3111,PERE,CAMPS,,0,,,
3112,KIFF,HOLLAND,,0,,,
3113,ALISON,SHAW,,0,,,
3114,NITA,ENGLE,,0,,,
3115,DEBRA,SCOLARI,UNITED STATES,0,•,,
3116,J.C.,SEO,,0,,,
3117,TOM,PURVIS,,0,,,
3118,ART,FRONCKOWIAK,,0,,,
3119,SALLY,DAVIES,,0,,,
3120,MICHAEL,POTTER,,0,,,
3121,TONY,CHANCE,,0,,,
3122,PHILIP,SHEFFIELD,,0,,,
3123,HUNT,SLONEM,"1951, UNITED STATES",0,•,,
3124,WILLIAM,HANNUM,,0,,,
3125,WILLABELL,COLE MITCHELL,,0,,,
3126,PACO,YOUNG,,0,,,
3127,JANICE,MIZE,,0,,,
3128,ADRIANO,MANOCCHIA,,0,,,
3129,VALOV,EATON,,0,,,
3130,BOB,CROFUT,,0,,,
3131,JAN PRICE,JOHNSON,,0,,,
3132,JAMES,PROSEK,,0,,,
3133,PETER,LOFTUS,,0,,,
3134,PAT,WOODWORTH,,0,,,
3135,BRENT,HEIGHTON,,0,,,
3136,DEXTER,GRIFFIN,,0,,,
3137,DEREK,HANSEN,,0,,,
3138,DAVID,HEALD,,0,,,
3139,HAROLD,LARSEN,,0,,,
3140,JOHN,FOLCHI,,0,,,
3141,DAVID,SCHULTZ,,0,,,
3142,JOHN,LEONE,,0,,,
3143,GARY,COLLINS,,0,,,
3144,JOHN,MOLNAR,,0,,,
3145,FRANCIS,LIVINGSTON,,0,,,
3146,DOUGLAS,ATWILL,,0,,,
3147,JOHN,SARGENT,,0,,,
3148,HAROLD,FEINSTEIN,,0,,,
3149,ATELIER,MINEEDA,,0,,,
3150,CHRISTINE,ZALEWSKI,,0,,,
3151,ROBERT,LONGO,"1953, UNITED STATES",0,•,,
3152,SARAH,ASLAKSON,UNITED STATES,0,,,
3153,SARAH,ASLAKSON,UNITED STATES,3351,•,,
3154,SARAH,BATTLE,,0,,,
3155,JOHN,ICHTER,,0,,,
3156,,ELMER,,0,,,
3157,,KENNEDY,,0,,,
3158,KENT,LOVELACE,,0,,,
3159,MARIETTA,STEVENS,"1940, UNITED STATES",0,,,
3160,ANDRE',EYL,UNITED STATES,0,,,
3161,ZHI RONG,LIU,,0,,,
3162,LISA,KONKOL,UNITED STATES,3353,,,
3163,CHRISTINE,HERMAN,LOCAL ARTIST COLLECTION,0,,,
3164,CHRISTINE,HERMAN,,3357,,,
3165,CHRISTINE,HERMAN,LOCAL ARTIST COLLECTION,3358,,,
3166,ANN,LISHINSKI,"VIRGINIA, MINNESOTA LOCAL ARTIST COLLECTION",3359,,,
3167,ELAINE MARGARET HYNKAS,PETERSON,"VIRGINIA, MINNESOTA LOCAL ARTIST COLLECTION",3360,,,
3168,MABEL,ENGSTROM,VIRGINIA MINNESOTA LOCAL ARTIST COLLECTION,3361,,,
3169,ROSALEE,NIEMI,VIRGINIA MINNESOTA LOCAL ARTIST COLLECTION,3362,,,
3170,VIVIAN ESLER,TROUT,VIRGINIA MINNESOTA LOCAL ARTIST COLLECTION,3363,,,
3171,GAIL,PETERSON,VIRGINIA MINNESOTA LOCAL ARTIST COLLECTION,3364,,,
3172,MARLENE,STEPHENSON,VIRGINIA MINNESOTA LOCAL ARTIST COLLECTION,3365,•,,
3173,,MACNEIL,,0,,,
3174,GEORGE,CONDO,1957 - UNITED STATES,0,,,
3175,GLENN,LIGNON,1960 - UNITED STATES,0,,,
3176,KAWASE,HASUI,,0,,,
3177,SAMUEL,PEPLOE,,0,,,
3178,MARCEL,DYF,,0,,,
3179,RICHARD,RACKUS,,0,,,
3180,AUGUSTINE,MACKE,,0,,,
3181,ALFREDO,ROLDAN,,0,,,
3182,PETER,GRAHAM,,0,,,
3183,ELYA,DE CHINO,,0,,,
3184,SUYUE,LEE,,0,,,
3185,MADELEINE,O'CONNELL,,0,,,
3186,MAURICE,MARINOT,,0,,,
3187,WENDY,HOILE,,0,,,
3188,ED,LABERNIK,VIRGINIA LOCAL ARTIST COLLECTION,3373,,,
3189,PATRICIA,DILLON,VIRGINIA MINNESOTA LOCAL ARTIST COLLECTION,3374,,,
3190,PHILIP,ANDERSON,VIRGINIA LOCAL ARTIST COLLECTION,3375,,,
3191,MARY GROSS,ERICKSON,VIRGINIA LOCAL ARTIST COLLECTION,3376,,,
3192,CHERYL,GILLIS,VIRGINIA LOCAL ARTIST COLLECTION,3377,,,
3193,SPENCER B.,HAHNE,VIRGINIA LOCAL ARTIST COLLECTION,3378,,,
3194,GARY,BARKER,VIRGINIA LOCAL ARTIST COLLECTION,3379,,,
3195,JILL,AUBIN,VIRGINIA LOCAL ARTIST COLLECTION,3380,,,
3196,KEVIN,AUBIN,VIRGINIA LOCAL ARTIST COLLECTION,3381,,,
3197,JAN FABIAN,WALLAKE,VIRGINIA LOCAL ARTIST COLLECTION,3382,,,
3198,AMBER ELIZABETH,DARLING,VIRGINIA MINNESOTA LOCAL ARTIST COLLECTION,3389,,,
3199,ALBIN,ZAVERL,VIRGINIA MINNESOTA LOCAL ARTIST COLLECTION,3390,•,,
3200,CLAIRE,TAYLOR,VIRGINIA MINNESOTA LOCAL ARTIST COLLECTION,3391,•,,
3201,DONNA,LAMPINEN,VIRGINIA MINNESOTA LOCAL ARTIST COLLECTION,3392,,,
3202,ELLEN ARO,PICKERING,VIRGINIA MINNESOTA LOCAL ARTIST COLLECTION,3393,,,
3203,ROBERT C.,CAMPBELL,VIRGINIA MINNESOTA LOCAL ARTIST COLLECTION,3394,,,
3204,NANCY,MILLER,VIRGINIA MINNESOTA LOCAL ARTIST COLLECTION,3395,,,
3205,DENNY,WARNER,VIRGINIA MINNESOTA LOCAL ARTIST COLLECTION,3396,,,
3206,PEGGY,DECORSEY-HEJDA,VIRGINIA MINNESOTA LOCAL ARTIST COLLECTION,3397,,,
3207,STEPHEN,MENART,VIRGINIA MINNESOTA LOCAL ARTIST COLLECTION,3398,,,
3208,OVANES,BERBERIAN,,0,,,
3209,BONNIE,DU FRESNE,VIRGINIA MINNESOTA LOCAL ARTIST COLLECTION,3402,,,
3210,EVA,SHAIN,VIRGINIA MINNESOTA LOCAL ARTIST COLLECTION,3403,,,
3211,SUZANNE,GALLIFORD,VIRGINIA MINNESOTA LOCAL ARTIST COLLECTION,3404,,,
3212,SYLVIE,CHALAND,,0,,,
3213,,CORR,,0,,,
3214,HANS,HOFMANN,,0,,,
3215,,INDIANA,,0,,,
3216,JASPER,JOHNS,,0,,,
3217,ALEX,KATZ,,0,,,
3218,EMILY,MASON,,0,,,
3219,,PAYSON,,0,,,
3220,,PIA,,0,,,
3221,MARK,ROTHKO,,0,,,
3222,MARK,STEWART,,0,,,
3223,,TAKATA,,0,,,
3224,LEE,ENGLUND,DULUTH MINNESOTA LOCAL ARTIST COLLECTION,3407,,,
3225,THEODORE L.,"JOHNSON, M.D.",DULUTH MINNESOTA LOCAL ARTIST COLLECTION,3408,,,
3226,ANDRE,DERAIN,,0,,,
3227,CARMEN,DOLCE,,0,,,
3228,MARIANN,DUNN,,0,,,
3229,ALBERTA,MARANA,DULUTH MINNESOTA LOCAL ARTIST COLLECTION,3409,,,
3230,SUSAN,BOLOS,DULUTH MINNESOTA LOCAL ARTIST COLLECITON,3410,,,
3231,WILLIAM,BEARD,,0,,,
3232,,EVERHART,,0,,,
3233,,MEIS,,0,,,
3234,,POLLERA,,0,,,
3235,SAM,TOFT,,0,,,
3236,PAULINE,CAMPANELLI,,0,,,
3237,,LICTENSTEIN,,0,,,
3238,DAN,POOLE,,0,,,
3239,PETER,QUIDLEY,,0,,,
3240,NIKOLAI,RIMSKY,,0,,,
3241,DANIEL,KELLY,1947 - UNITED STATES,0,,,
3242,MICAH,SCHWABEROW,UNITED STATES,0,,,
3243,THOMAS,ANDERSON,VIRGINIA LOCAL ARTIST COLLECTION,3412,•,,
3244,LOUISIANA,BENDOLPH,1960 - UNITED STATES,0,,,
3245,MARY LEE,BENDOLPH,1935 UNITED STATES,0,,,
3246,SHARON,GRAHAM,"DULUTH, MINNESTOTA LOCAL ARTIST COLLECTION",3414,,,
3247,MARY JO,VAN DELL,DULUTH MINNESOTA LOCAL ARTIST COLLECTION,3415,,,
3248,ARNA,RENNAN,DULUTH LOCAL ARTIST COLLECTION,3416,,,
3249,NIKKI,JOHNSON,DULUTH MINNESOTA LOCAL ARTIST COLLECTION,3417,,,
3250,CECELIA,RAMON,DULUTH MINNESOTA LOCAL ARTIST COLLECTION,3418,,,
3251,KAREN,MONSON-THOMPSON,DULUTH MINNESOTA LOCAL ARTIST COLLECTION,3419,,,
3252,JOSE,BARBERA,,0,,,
3253,RICHARD,BRANDES,,0,,,
3254,PAUL,REZENDES,,0,,,
3255,PIERRE,STEFANI,,0,,,
3256,MARTIN,HILL,,0,,,
3257,GLENYS,PORTER,,0,,,
3258,FRANS,LANTING,,0,,,
3259,R.N.,NODDER,,0,,,
3260,RAYMOND,KNAUB,,0,,,
3261,MARTHA,WALTER,,0,,,
3262,,HOKUSAI,,0,,,
3263,IMOGEN,CUNNINGHAM,,0,,,
3264,ELLIOTT,ERWITT,,0,,,
3265,STANLEY,ROSENFELD,,0,,,
3266,ANNRIKA,MCCAVITT,,0,,,
3267,DOUG,WEST,,0,,,
3268,WILLIAM,CHASE,,0,,,
3269,,GIUSTINA,,0,,,
3270,,NIELSEN,,0,,,
3271,JEFFREY,LARSON,DULUTH MINNESOTA LOCAL ARTIST COLLECTION,3437,,,
3272,,CHARON,1958 - UNITED STATES,0,•,,
3273,ROBERT ,HOLMAN,1958 - UNITED STATES,0,,,
3274,ANNETTE,PATE,UNITED STATES,0,,,
3275,,SILBERMAN,,0,,,
3276,LAURA,MONAHAN,,0,,,
3277,,AMIRYANI,,0,,,
3278,CHARLES,CURRAN,,0,,,
3279,ROBERT,DUNCAN,,0,,,
3280,MARGERHETA,BOOTSMA,,0,,,
3281,,GETTY,,0,,,
3282,EDUARDO,MANET,,0,,,
3283,,PTOLEMY,,0,,,
3284,,CASAGRANDE,,0,,,
3285,ELSWORTH,KELLY,,0,,,
3286,,MACKINTOSH,,0,,,
3287,HONG,MI LIM,,0,,,
3288,NICOLAS,HUTCHINSON,,0,,,
3289,ELIZABETH,KUTH,DULUTH MINNESOTA LOCAL ARTIST COLLECTION,3441,,,
3290,JUAN,GIL,,0,,,
3291,JOHN,SLOAN,,0,,,
3292,MORRIS,LOUIS,,0,,,
3293,ROBERT,DAWSON,,0,,,
3294,GREGORY,GARRET,,0,,,
3295,LOIS,GOLD,,0,,,
3296,MARY,MORRISON,,0,,,
3297,NORM,DANIELS,,0,,,
3298,,RAMSDELL,,0,,,
3299,,SELLER,,0,,,
3300,ERIN,GALVEZ,,0,,,
3301,P.T.,TURK,,0,,,
3302,ROBERT,HOGLUND,,0,,,
3303,,FILSINGER,,0,,,
3304,,GNIEWEK,,0,,,
3305,JOEL,MEYEROWITZ,,0,,,
3306,SCOTT,WESTMORELAND,,0,,,
3307,WILLIAM,BUFFETT,,0,,,
3308,T. NAKASHIMA,WHITE,JAPAN,0,,,
3309,DAX,CURNEW,CANADIAN,0,,,
3310,,CHANDLER,,0,,,
3311,TIM,HARDING,STILLWATER MINNESOTA LOCAL ARTIST COLLECTION,3452,,,
3312,DAVID LORENZE,WINSTON,,0,,,
3313,,GEORGIE,,0,,,
3314,BARBARA,BORDNICK,,0,,,
3315,HENRY,DOMKE,AMERICAN,3459,,,
3316,JIM,BRANDENBURG,DULUTH MINNESOTA LOCAL ARTIST,3460,,,
3317,DON ED,HARDY,"1945, AMERICAN",0,,,
3318,,AXTON,,0,,,
3319,JAY,STEINKE,,0,,,
3320,C.,HEARDING,STILLWATER MINNESOTA LOCAL ARTIST COLLECTION,3483,•,,
3321,CHRISTOPHER,COPELAND,STILLWATER MINNESOTA LOCAL ARTIST COLLECTION,3484,,,
3322,SUSAN ,HEDIN,STILLWATER MINNESOTA LOCAL ARTIST COLLECTION,3486,,,
3323,ANNE,DeCOSTER,STILLWATER MINNESOTA LOCAL ARTIST COLLECTION,3488,,,
3324,TOM,FISHER,STILLWATER MINNESOTA LOCAL ARTIST COLLECTION,3489,,,
3325,JERRY,WIESS,,0,,,
3326,REGINA,FLANAGAN,,0,,,
3327,WILLIAM,BALSIMO,,0,,,
3328,NANCY,GIPPLE,,0,,,
3329,LEO NELLO,ROTELLI,,0,,,
3330,JOHN,BAKER,,0,,,
3331,,CAMOZZI,,0,,,
3332,JAN,PARKER,1941- BRITIAN,0,,,
3333,CHASE,CHEN,1964- UNITED STATES,0,,,
3334,IGOR,MEDVEDEV,1931- RUSSIA RESIDES IN US,0,,,
3335,BOB,MARCHANT,1938- AUSTRALIA,0,,,
3336,HELEN,ANIKST,1946- RUSSIA RESIDES IN US,0,,,
3337,LENA,MOROSS,1955- RUSSIA,0,,,
3338,EUGENE,KASPIN,,0,,,
3339,,ROMANELLO,,0,,,
3340,ALICE DALTON,BROWN,,0,,,
3341,FRANK,NEWBOULD,,0,,,
3342,PAUL,TRACEY,,0,,,
3343,GIAMPAOLO,AMSTICI,,0,,,
3344,BERNIE,WALSH,,0,,,
3345,LISA,KOWALSKI,,0,,,
3346,MARY BAXTER,ST. CLAIR,,0,,,
3347,GEORGE,DOMBEK,,0,,,
3348,ALBENA,URISTOVA,,0,,,
3349,FREDERIK,GRUE,,0,,,
3350,PHILLIP,JAEGER,,0,,,
3351,DONNA NORINE,SCHUSTER,,0,,,
3352,,VONNOH,,0,,,
3353,G. RODO,BOULANGER,,0,,,
3354,GREG,CARTMEL,,0,,,
3355,EDMUND CHARLES,TARBELL,,0,,,
3356,LUCIEN,PISSARRO,,0,,,
3357,DIMITRY,ALEXANDROFF,,0,,,
3358,DAVID,WANG,,0,,,
3359,SUSAN,AMONS,AMERICAN,0,,,
3360,GEORGE,BUNGARDA,,0,•,,
3361,SHARON,WOODRUFF,,0,,,
3362,JOHN,GLOVER,,0,,,
3363,TAN,CHUN,,0,,,
3364,RICHARD,IVY,,0,,,
3365,FORREST,MOSES,,0,,,
3366,WILLIAM,VANSCOY,,0,,,
3367,KATHRYN,BOGGS,,0,,,
3368,PARIS,GERRARD,,0,,,
3369,CHRIS,HENRY,,0,,,
3370,,KANNON,,0,,,
3371,BARBARA,ROGERS,,0,,,
3372,NICHOLAS,WILTON,,0,,,
3373,,TOULOUSE-LAUTREC,,0,,,
3374,P.,DE PANNEMAEKER,BELGIAN,0,,,
3375,J.,GOFFART,BELGIAN,0,,,
3376,G.,SEVEREYNS,BELGIAN,0,,,
3377,EVA,CARTER,,0,,,
3380,BENT,REJ,,0,,,
3381,CHAROLETTE,FOUST,,0,,,
3382,PHILIP,CRAIG,,0,,,
3383,VALARIE,WILSON,,0,,,
3384,LINDA WIGGEN,KRAFT,AMERICAN,3524,,,
3385,SHERRY,LOEHR,,0,,,
3386,LANIE,LORETH,AMERICAN,0,,,
3387,DONNA,GEISSLER,,0,,,
3388,PAULA,SCALETTA,,0,,,
3389,ELI,ADAMS,,0,,,
3390,,MACEIRA,,0,,,
3391,,LOMBARDI,,0,,,
3392,YUKO,LAU,,0,,,
3393,DENNIS,RHOADES,,0,,,
3394,AARON,FOSTER,,0,,,
3395,NOLAN,WINKLER,,0,,,
3396,ALAN,MAZZETTI,,0,,,
3397,MAURA,KENDRICK,,0,,,
3398,PIP,BLOOMFIELD,,0,,,
3399,,HAFOD,,0,,,
3400,DAVID,BELOVA,,0,,,
3401,JIM,CHAMBERLAIN,,0,,,
3402,HENRY,KIM,,0,,,
3403,OLGA DE JESUS,CHUQUI,,0,,,
3404,PAUL,CHOJONWSKI,,0,,,
3405,NICK,LAZAR,,0,,,
3406,E.B.,KENTWORTH,,0,,,
3407,JINNY,LEE,,0,,,
3408,DEREK,HAMBLY,"1945- AUSTRALIA,  RESIDES IN UNITED STATES",3539,•,,
3409,ANKE,SCHOEFIELD,1972- AMERICAN,0,,,
3410,STEVE,WALTERS,AMERICAN,0,,,
3411,JAMES,GRABOWSKI,,0,,,
3412,JASON,CARDENAS,,0,,,
3413,SOPHIA,DIANER,,0,,,
3414,SIONA,BENJAMIN,INDIA - RESIDES UNITED STATES,0,,,
3415,LIZBETH,MITTY,AMERICAN,0,,,
3416,JAMES,URBASKA,AMERICAN,0,,,
3417,JUDITH S.,MILLER,AMERICAN,0,,,
3418,DAISY,CRADDOCK,AMERICAN,0,,,
3419,DEBORAH,BROWN,1955 - AMERICAN,0,,,
3420,,FREYMAN ELFFERS,,0,,,
3421,SANDY,WADLINGTON,,0,,,
3422,GLEN,SHEFFER,,0,,,
3423,ARTHUR,JOHNSON,,0,,,
3424,VICKI ,ASP,,0,,,
3425,MARKUS,AEBISCHER,,0,,,
3426,JOHN ,POTOTSCHNIK,,0,,,
3427,DOUG,CAVANAH,,0,,,
3428,ROBERT ,HOUSER,,0,,,
3429,CHRIS,LOWE,,0,,,
3430,HENRYK,KAISER,,0,,,
3431,KEVIN ,LEIGH,,0,,,
3432,JACQUE DENZER ,PARKER,,0,,,
3433,KIM,ANDERSON,,0,,,
3434,PIERRE,VIOLLET,,0,,,
3435,MAUREEN ,JORDAN,,0,,,
3436,BRENT,NELSON,,0,,,
3437,DAN,WERNER,,0,,,
3438,SEBASTIAN,ALTERERA,,0,,,
3439,IAN ,WINSTANLEY,,0,,,
3440,EZITA,TEZENA,,0,,,
3441,JOYCE,MCADAMS,,0,,,
3442,H. ARMSTRONG,ROBERTS,,0,,,
3443,,BERTRAND,,0,•,,
3444,SONIA,DELAUNAY,,0,,,
3445,NEIL,THOMAS,,0,,,
3446,OLIVIER,NORTON,,0,,,
3447,CHARLES,ZHAN,,0,,,
3448,ROBERT,FORD,,0,,,
3449,CAROL,SHEARER,,0,,,
3450,MARIE,EGNER,,0,,,
3451,A,GALASSO,,0,,,
3452,TERRANCE,MCKILLIP ,,3549,,,
3455,DAN,CAMPANELLI,,0,,,